Restaurant ID,Rating,TimeStamp
16595766,5.0,1602163874
16595766,4.0,1600923680
16595766,4.0,1584369005
16595766,5.0,1582828635
16595766,4.0,1582483860
16600038,4.5,1600924854
16600038,4.0,1594512772
16600038,4.0,1582484130
16600038,4.0,1578563989
16600038,5.0,1576830546
16598976,5.0,1602163706
16598976,5.0,1600925038
16598976,5.0,1581521523
16598976,5.0,1578580121
16598976,5.0,1575969773
16597645,4.0,1600345494
16597645,2.0,1582236869
16597645,3.0,1575270525
16597645,5.0,1573665468
16597645,3.0,1561957149
18196379,4.0,1599486397
18196379,5.0,1591446993
18196379,4.0,1581225039
18196379,3.0,1571543092
18196379,5.0,1570369560
16598431,5.0,1600923465
16598431,4.0,1595091104
16598431,1.0,1581209891
16598431,1.0,1575700680
16598431,1.0,1573968365
16599082,3.0,1594512576
16599082,3.0,1583492273
16599082,5.0,1582828658
16599082,4.0,1582483875
16599082,4.0,1582235605
16596036,4.0,1597678686
16596036,5.0,1595087881
16596036,5.0,1594035028
16596036,4.0,1592928621
16596036,4.0,1582485995
16600553,4.5,1600921973
16600553,3.0,1599976007
16600553,2.0,1590922724
16600553,5.0,1588850472
16600553,2.0,1584074965
16596238,5.0,1582828752
16596238,4.0,1582483765
16596238,4.0,1581758596
16596238,4.0,1581225736
16596238,5.0,1578384690
16599032,4.5,1600920024
16599032,4.0,1600259241
16599032,4.0,1598271437
16599032,4.0,1582486058
16599032,4.0,1579961163
16596903,3.0,1600918023
16596903,5.0,1599438129
16596903,5.0,1595650206
16596903,4.0,1594428045
16596903,4.0,1584369366
16595894,1.0,1599404974
16595894,4.0,1598162979
16595894,4.0,1598016784
16595894,4.0,1597924534
16595894,1.0,1595856413
16600511,5.0,1600916083
16600511,4.0,1598164619
16600511,5.0,1593495937
16600511,3.0,1592320607
16600511,4.0,1584369155
16599893,5.0,1594896846
16599893,3.0,1590995530
16599893,5.0,1589165472
16599893,5.0,1573601956
16599893,4.0,1573142359
16599949,2.0,1599303184
16599949,5.0,1596940331
16599949,4.0,1594035083
16599949,4.0,1592662666
16599949,4.0,1584369386
16597513,1.0,1600000560
16597513,4.0,1596873245
16597513,4.0,1582484158
16597513,3.0,1582285227
16597513,2.0,1580484433
16598699,4.0,1600846568
16598699,4.0,1582486101
16598699,5.0,1582034831
16598699,5.0,1578847696
16598699,2.5,1561784648
16596362,4.0,1600923479
16596362,2.0,1599540791
16596362,5.0,1596969732
16596362,4.0,1595086865
16596362,1.0,1581140812
16597137,3.0,1587017136
16597137,5.0,1578233601
16597137,4.0,1575180353
16597137,4.0,1573665375
16597137,4.0,1572958677
16599765,4.0,1584369127
16599765,4.0,1583109526
16599765,3.0,1581225256
16599765,3.0,1578648638
16599765,4.0,1576821164
16596244,4.0,1601264523
16596244,4.0,1600925307
16596244,5.0,1595501555
16596244,4.0,1592667706
16596244,5.0,1582828769
16601597,4.0,1598271234
16601597,4.0,1591968761
16601597,4.0,1588665735
16601597,5.0,1579382680
16601597,4.0,1579044156
16598168,5.0,1600276373
16598168,5.0,1598415331
16598168,5.0,1596891585
16598168,5.0,1596286714
16598168,5.0,1596113019
16596306,5.0,1594639366
16596306,4.0,1582483941
16596306,5.0,1580900636
16596306,5.0,1561053864
16596306,5.0,1557463590
16598837,4.0,1600924803
16598837,4.0,1583979054
16598837,5.0,1578875216
16598837,4.0,1567851579
16598837,4.0,1559462643
16600326,4.0,1600922130
16600326,4.0,1599486637
16600326,4.0,1597669343
16600326,1.0,1595699964
16600326,4.0,1584369375
16598045,5.0,1592531344
16598045,5.0,1590509223
16598045,4.0,1588163603
16598045,4.0,1587018569
16598045,5.0,1585130367
16597765,4.5,1600919664
16597765,5.0,1592195214
16597765,4.0,1582485929
16597765,5.0,1580213877
16597765,5.0,1575780309
16596635,4.0,1599016902
16596635,2.0,1590244665
16596635,4.0,1584369350
16596635,5.0,1582828719
16596635,4.0,1582485969
16597791,4.0,1600845305
16597791,4.0,1584369504
16597791,4.0,1582484188
16597791,5.0,1580267450
16597791,4.0,1577521316
16600310,3.0,1598271346
16600310,3.0,1597666250
16600310,3.0,1588666779
16600310,5.0,1581637836
16600310,5.0,1573374950
16596818,4.0,1591578324
16596818,4.0,1588781867
16596818,4.0,1584369532
16596818,4.0,1582485914
16596818,2.0,1580094315
16596980,4.0,1584369637
16596980,4.0,1539619709
16596980,4.0,1523711637
16596980,3.0,1521964773
16596980,4.5,1521700949
16595831,5.0,1601960140
16595831,5.0,1600241675
16595831,4.0,1599305268
16595831,4.0,1598379778
16595831,5.0,1597915339
16596581,1.0,1592994200
16596581,3.0,1591016156
16596581,1.0,1582271711
16596581,3.0,1579833276
16596581,2.0,1579368239
16599234,5.0,1588833998
16599234,3.0,1587019795
16599234,5.0,1578847896
16599234,5.0,1576483878
16599234,1.0,1566176384
16597128,5.0,1586262904
16597128,4.0,1584369183
16597128,1.0,1577697714
16597128,3.0,1572752196
16597128,5.0,1568130621
16596534,1.0,1600572147
16596534,4.0,1584369556
16596534,1.0,1583553923
16596534,2.0,1582284555
16596534,5.0,1563789626
16596768,5.0,1582237829
16596768,5.0,1579543818
16596768,3.0,1575698475
16596768,5.0,1574947916
16596768,4.0,1568177828
16596072,4.5,1600923261
16596072,4.0,1584369012
16596072,2.0,1583223355
16596072,4.0,1583212900
16596072,4.0,1582484297
16597087,5.0,1597735389
16597087,3.0,1593333112
16597087,4.0,1593230100
16597087,4.0,1584369102
16597087,4.0,1578233493
16599918,3.0,1594035347
16599918,4.0,1587019701
16599918,4.0,1584368989
16599918,5.0,1583374981
16599918,4.0,1582828686
16596002,3.0,1596937396
16596002,4.0,1595340211
16596002,4.0,1593529459
16596002,4.0,1573263470
16596002,5.0,1568457659
16596945,4.0,1600919652
16596945,4.0,1600494806
16596945,5.0,1591785711
16596945,4.0,1584369219
16596945,4.0,1577361607
16596567,4.0,1584369323
16596567,4.0,1582448865
16596567,4.0,1573665439
16596567,2.0,1571747076
16596567,1.0,1570450038
16596448,4.0,1600847750
16596448,1.0,1595063669
16596448,5.0,1594658984
16596448,3.0,1591152477
16596448,3.0,1591151458
16599146,4.0,1584369407
16599146,3.0,1582209121
16599146,5.0,1581249701
16599146,2.0,1580190246
16599146,4.0,1579152815
16596981,1.0,1591442299
16596981,5.0,1590934458
16596981,5.0,1590890286
16596981,5.0,1589544489
16596981,4.0,1584369581
16596326,4.0,1600845294
16596326,4.0,1596969861
16596326,2.0,1596193631
16596326,1.0,1589704835
16596326,3.0,1583624296
16598876,4.0,1601897674
16598876,4.0,1584369466
16598876,4.0,1582486222
16598876,3.0,1578114461
16598876,3.0,1577703129
16598952,3.5,1600922144
16598952,5.0,1594292337
16598952,4.0,1584369032
16598952,5.0,1563412732
16598952,5.0,1556799190
16597131,5.0,1597659111
16597131,5.0,1594353749
16597131,5.0,1584596128
16597131,4.0,1578848207
16597131,1.0,1577453849
16596479,4.5,1600923823
16596479,3.0,1587035956
16596479,4.0,1584369565
16596479,1.0,1581914955
16596479,5.0,1580824817
16596234,4.0,1584369680
16596234,3.0,1562741002
16596234,2.0,1558613354
16596234,5.0,1557125938
16596234,5.0,1539622903
16598601,4.0,1601378440
16598601,1.0,1593262951
16598601,1.0,1592445078
16598601,4.0,1591614335
16598601,3.0,1581224768
16602022,3.0,1592319981
16602022,4.0,1582906642
16602022,3.0,1579276099
16602022,3.0,1577583631
16602022,5.0,1575536124
16599605,4.5,1600847572
16599605,4.0,1584369254
16599605,4.0,1583028136
16599605,5.0,1582828651
16599605,4.0,1582483813
18156128,3.0,1597914828
18156128,4.0,1594292658
18156128,4.0,1593780602
18156128,3.0,1593602643
18156128,4.0,1584369285
16597743,3.0,1600846694
16597743,5.0,1597135585
16597743,4.0,1594909753
16597743,5.0,1594615343
16597743,4.0,1591184051
16601688,1.0,1598167403
16601688,3.0,1592392863
16601688,4.0,1584369474
16601688,2.0,1582774429
16601688,4.0,1582483986
16596049,4.0,1600950335
16596049,3.0,1599210028
16596049,4.0,1584369726
16596049,5.0,1582236964
16596049,5.0,1579151826
16597986,4.5,1600924789
16597986,4.0,1584369415
16597986,3.0,1583281172
16597986,3.0,1569220964
16597986,5.0,1568457698
16598970,4.0,1584369671
16598970,3.0,1568429580
16598970,5.0,1567831158
16598970,5.0,1551001319
16598970,5.0,1549795593
16597786,4.0,1600924842
16597786,4.0,1584369654
16597786,4.0,1576655041
16597786,5.0,1561472255
16597786,4.0,1560589474
16598736,4.5,1600925427
16598736,4.0,1583667505
16598736,4.0,1577149403
16598736,3.0,1555154329
16598736,3.0,1548977026
16597153,5.0,1601264711
16597153,5.0,1576830502
16597153,4.0,1576472447
16597153,4.0,1569235067
16597153,5.0,1566995774
16597253,1.0,1598772579
16597253,1.0,1593268291
16597253,5.0,1591469313
16597253,3.0,1587865390
16597253,4.0,1583500994
16598361,4.0,1601278704
16598361,4.5,1600927499
16598361,3.0,1587035987
16598361,4.0,1584369247
16598361,4.0,1582484030
16598265,5.0,1591785743
16598265,5.0,1580471961
16598265,5.0,1574527339
16598265,5.0,1574527306
16598265,4.0,1569156890
17841646,5.0,1599652182
17841646,4.0,1594879316
17841646,5.0,1566565658
17841646,4.0,1559403429
17841646,4.0,1552893567
16601603,1.0,1601807492
16601603,4.0,1584369646
16601603,1.0,1580911454
16601603,2.0,1578149825
16601603,2.0,1565227354
16596615,4.0,1600843607
16596615,4.0,1584369711
16596615,5.0,1582828776
16596615,2.0,1574671457
16596615,4.0,1572753065
16600774,4.0,1581932246
16600774,4.0,1576625402
16600774,5.0,1574721588
16600774,4.0,1573665344
16600774,4.0,1572743676
16599908,4.5,1600924683
16599908,2.0,1600001790
16599908,5.0,1597581783
16599908,5.0,1595655217
16599908,3.0,1594512682
16597916,3.0,1601873151
16597916,1.0,1589451453
16597916,4.0,1584369174
16597916,4.0,1582484093
16597916,1.0,1566225371
16602023,3.0,1600842786
16602023,4.0,1569677442
16602023,4.0,1561449288
16602023,5.0,1561421954
16602023,4.0,1560756309
16600177,3.0,1572752065
16600177,4.0,1572301074
16600177,4.0,1567782439
16600177,5.0,1561264787
16600177,1.0,1558084299
16597503,4.0,1584369718
16597503,4.0,1582100978
16597503,3.0,1581854092
16597503,4.0,1581224661
16597503,5.0,1576830619
16599503,4.0,1571663188
16599503,4.0,1566815138
16599503,3.0,1557019257
16599503,4.0,1555736822
16599503,3.0,1543664750
16596197,4.0,1600923527
16596197,4.0,1600652140
16596197,2.0,1576884650
16596197,5.0,1572107146
16596197,4.0,1572006714
16596881,4.0,1599123432
16596881,4.0,1584369483
16596881,1.0,1582206811
16596881,1.0,1580798501
16596881,2.0,1574068614
16577492,5.0,1601716375
16577492,1.0,1601200062
16577492,4.0,1599565412
16577492,5.0,1594813105
16577492,5.0,1594644933
16585905,5.0,1601567218
16585905,5.0,1599861500
16585905,5.0,1598030010
16585905,4.0,1596552004
16585905,5.0,1595683752
16573665,4.0,1602070509
16573665,5.0,1600845773
16573665,5.0,1593003761
16573665,3.0,1592643197
16573665,5.0,1592397872
16582573,4.0,1602220455
16582573,5.0,1601041621
16582573,4.0,1599909785
16582573,4.0,1594649128
16582573,4.0,1591523865
16577212,5.0,1600197686
16577212,5.0,1599726214
16577212,5.0,1597909670
16577212,5.0,1596341526
16577212,5.0,1594635789
16583098,5.0,1601113835
16583098,5.0,1601041409
16583098,5.0,1600913151
16583098,5.0,1596962950
16583098,5.0,1596337995
16582897,5.0,1602097875
16582897,5.0,1599502006
16582897,5.0,1599464068
16582897,5.0,1598036051
16582897,4.0,1594159604
18423923,5.0,1601041655
18423923,4.0,1597393913
18423923,5.0,1595679574
18423923,5.0,1594119154
18423923,5.0,1593303543
16582887,4.0,1600568684
16582887,5.0,1594021476
16582887,5.0,1592470736
16582887,5.0,1591951160
16582887,4.0,1591947058
16582069,4.0,1602034578
16582069,3.0,1599474519
16582069,5.0,1598747609
16582069,4.0,1596949530
16582069,5.0,1593628300
18449476,1.0,1600914082
18449476,5.0,1596339723
18449476,4.0,1596095064
18449476,3.0,1596087805
18449476,4.0,1594365144
18515006,4.0,1601420292
18515006,5.0,1592970643
18515006,2.0,1592602460
18515006,5.0,1592176301
18515006,5.0,1592036928
16581560,5.0,1593498771
16581560,5.0,1586921090
16581560,5.0,1583177723
16581560,4.0,1582128594
16581560,4.0,1581585738
16577214,3.0,1595330014
16577214,4.0,1583371623
16577214,4.0,1583177543
16577214,4.0,1582798842
16577214,4.0,1582113154
16575238,4.0,1598400599
16575238,4.0,1594884353
16575238,5.0,1584350221
16575238,4.0,1581721532
16575238,4.0,1581623419
16713362,5.0,1592308462
16713362,5.0,1584835936
16713362,5.0,1583954825
16713362,4.0,1583561925
16713362,5.0,1583226759
18316755,1.0,1596598175
18316755,4.0,1593719109
18316755,5.0,1592456142
18316755,2.0,1592378390
18316755,5.0,1591269225
16585400,5.0,1601041978
16585400,5.0,1594008232
16585400,5.0,1593656044
16585400,5.0,1592413271
16585400,5.0,1592309838
16580028,5.0,1601567683
16580028,4.0,1601199645
16580028,5.0,1596342308
16580028,5.0,1592480967
16580028,5.0,1591950825
16581005,4.0,1598605460
16581005,5.0,1594474967
16581005,3.0,1593854889
16581005,4.0,1592960791
16581005,5.0,1591700751
16578345,2.0,1594648610
16578345,4.0,1593235594
16578345,3.0,1591698061
16578345,1.0,1591370647
16578345,5.0,1589676328
16581462,4.5,1600922831
16581462,3.0,1592700110
16581462,2.0,1582967247
16581462,4.0,1582262824
16581462,5.0,1581692502
16573759,5.0,1596607612
16573759,4.0,1586525455
16573759,5.0,1580962944
16573759,4.0,1579754940
16573759,5.0,1579428067
16573377,5.0,1596679584
16573377,4.0,1593437821
16573377,5.0,1592403114
16573377,4.0,1583304073
16573377,2.0,1583298617
16571189,5.0,1593695211
16571189,3.0,1593560088
16571189,5.0,1590071130
16571189,5.0,1586255918
16571189,4.0,1584260267
16571938,4.5,1600922766
16571938,5.0,1593947957
16571938,4.0,1582589995
16571938,4.0,1581623824
16571938,5.0,1581070627
18138489,4.0,1593931907
18138489,5.0,1592365206
18138489,4.0,1592305577
18138489,4.0,1591880392
18138489,5.0,1584771453
16572962,4.0,1590811840
16572962,4.0,1587035447
16572962,4.0,1583847776
16572962,4.0,1583730407
16572962,4.0,1582346811
16572612,5.0,1601041295
16572612,5.0,1598760854
16572612,5.0,1594177132
16572612,5.0,1592573170
16572612,5.0,1591010334
16571240,1.0,1601634582
16571240,3.0,1594642432
16571240,5.0,1594387118
16571240,5.0,1594289428
16571240,5.0,1592602277
18584637,5.0,1602046518
18584637,5.0,1601113360
18584637,5.0,1600679512
18584637,4.0,1598874811
18584637,4.0,1598674014
16586014,5.0,1601363064
16586014,5.0,1596592702
16586014,5.0,1593598508
16586014,4.0,1593428863
16586014,5.0,1592760151
16574687,5.0,1592733891
16574687,5.0,1592200881
16574687,5.0,1591697978
16574687,5.0,1582175183
16574687,4.0,1581396291
16572269,5.0,1598704690
16572269,4.0,1597139443
16572269,3.0,1594120444
16572269,4.0,1592304675
16572269,5.0,1585031083
16578793,5.0,1596462706
16578793,1.0,1591967462
16578793,5.0,1581848805
16578793,4.0,1581802967
16578793,5.0,1581402352
17881527,4.0,1594119365
17881527,5.0,1594015440
17881527,5.0,1594012929
17881527,5.0,1583847244
17881527,5.0,1583178610
16581252,4.0,1594049039
16581252,2.0,1592833700
16581252,4.0,1589523656
16581252,4.0,1587745024
16581252,4.0,1582677536
16582574,1.0,1601698516
16582574,1.0,1601697629
16582574,5.0,1597507056
16582574,5.0,1597303342
16582574,5.0,1596342493
16576154,5.0,1591951013
16576154,5.0,1582092869
16576154,4.0,1581820866
16576154,5.0,1581456974
16576154,3.0,1581163353
18418602,5.0,1597207879
18418602,4.0,1597138434
18418602,5.0,1594039420
18418602,4.0,1593517225
18418602,5.0,1593463046
16572688,2.0,1602153039
16572688,4.0,1594380517
16572688,5.0,1588222565
16572688,2.0,1582689544
16572688,5.0,1581296183
16585008,4.0,1593855170
16585008,4.0,1583717912
16585008,4.0,1582506620
16585008,5.0,1582268456
16585008,4.0,1579643611
16576105,1.0,1593148135
16576105,2.0,1592280439
16576105,2.0,1592123497
16576105,1.0,1591965255
16576105,5.0,1582425184
16572320,5.0,1601555271
16572320,4.0,1600693108
16572320,5.0,1593606513
16572320,5.0,1593518892
16572320,5.0,1586949131
16586349,5.0,1598147485
16586349,5.0,1596342987
16586349,5.0,1593652114
16586349,5.0,1593582659
16586349,5.0,1593049160
16586666,5.0,1596337823
16586666,1.0,1595993880
16586666,5.0,1593996344
16586666,5.0,1593949033
16586666,5.0,1584964267
16576912,5.0,1593272757
16576912,4.0,1592651337
16576912,5.0,1591951656
16576912,4.0,1585355311
16576912,4.0,1583626385
18303417,5.0,1596465567
18303417,4.0,1593510665
18303417,5.0,1593018880
18303417,3.0,1592621958
18303417,4.0,1592397344
16575201,5.0,1601169873
16575201,4.0,1593836183
16575201,4.0,1591237316
16575201,3.0,1581849901
16575201,5.0,1581283633
16571861,5.0,1598744479
16571861,2.0,1593769640
16571861,5.0,1584238085
16571861,4.0,1583840417
16571861,4.0,1583711692
18316732,5.0,1588157476
18316732,1.0,1584244446
18316732,4.0,1582078800
18316732,4.0,1581459554
18316732,4.0,1579614016
16576959,4.0,1590638047
16576959,4.0,1580811402
16576959,4.0,1580128920
16576959,5.0,1578661941
16576959,5.0,1578057200
16585490,5.0,1601041581
16585490,4.0,1596265197
16585490,5.0,1594300569
16585490,5.0,1594204131
16585490,2.0,1594014924
16577335,1.0,1593339261
16577335,2.0,1592653142
16577335,4.0,1583309457
16577335,3.0,1582964311
16577335,2.0,1581229409
17989264,5.0,1596866469
17989264,5.0,1595722671
17989264,5.0,1592373269
17989264,5.0,1592099290
17989264,5.0,1592038069
16570776,5.0,1597141927
16570776,5.0,1592888913
16570776,4.0,1591098776
16570776,4.0,1587743433
16570776,4.0,1584328036
16571812,5.0,1594277512
16571812,4.0,1593521564
16571812,2.0,1588449442
16571812,4.0,1583309199
16571812,4.0,1583225677
16576477,5.0,1584089509
16576477,5.0,1583177652
16576477,4.0,1583098486
16576477,4.0,1582715365
16576477,3.0,1579173092
16578925,5.0,1584939149
16578925,2.0,1584184155
16578925,4.0,1582698526
16578925,5.0,1582205490
16578925,5.0,1581895248
16585312,4.0,1594212358
16585312,5.0,1591692322
16585312,4.0,1591502485
16585312,4.0,1586594039
16585312,3.0,1584751342
16577469,5.0,1596606990
16577469,5.0,1594163566
16577469,1.0,1593620777
16577469,4.0,1588906020
16577469,5.0,1583177608
16570775,3.0,1602213936
16570775,5.0,1601363045
16570775,5.0,1598761245
16570775,5.0,1597924194
16570775,5.0,1597837375
16713155,5.0,1598694941
16713155,5.0,1596340384
16713155,4.0,1594014654
16713155,4.0,1592790459
16713155,3.0,1591947013
16582263,5.0,1600951647
16582263,5.0,1592283535
16582263,5.0,1592203166
16582263,4.0,1592029085
16582263,5.0,1584082204
16572325,5.0,1596607493
16572325,2.0,1594008780
16572325,5.0,1592622509
16572325,5.0,1583844487
16572325,4.0,1583703037
16584504,4.0,1601208653
16584504,5.0,1596952567
16584504,5.0,1596344153
16584504,4.0,1596089883
16584504,3.0,1595057429
18567985,5.0,1601028056
18567985,3.0,1599035611
18567985,1.0,1597744551
18567985,5.0,1594375430
18567985,5.0,1591620704
16579337,5.0,1596340544
16579337,5.0,1591600988
16579337,5.0,1584705876
16579337,5.0,1583741751
16579337,5.0,1583637706
16579424,5.0,1582799771
16579424,3.0,1581822028
16579424,4.0,1581322173
16579424,2.0,1574561925
16579424,4.0,1573514243
16573473,1.0,1598085464
16573473,5.0,1597142345
16573473,4.0,1591753025
16573473,5.0,1591692247
16573473,5.0,1587196216
16576466,4.0,1592648519
16576466,4.0,1589631479
16576466,4.0,1587039639
16576466,4.0,1583832071
16576466,4.0,1583745341
16577331,5.0,1598954646
16577331,2.0,1582445183
16577331,5.0,1581364829
16577331,5.0,1580511976
16577331,4.0,1576389724
18198271,4.0,1596551577
18198271,3.0,1596102466
18198271,1.0,1593786010
18198271,4.0,1593333910
18198271,5.0,1592721836
16573419,3.0,1594159532
16573419,3.0,1593449302
16573419,1.0,1584611666
16573419,2.0,1584111428
16573419,5.0,1580903369
16571710,5.0,1593581330
16571710,5.0,1592050987
16571710,5.0,1587795235
16571710,5.0,1586690014
16571710,2.0,1585566118
16583132,5.0,1600584737
16583132,5.0,1594650411
16583132,1.0,1594480803
16583132,5.0,1594031551
16583132,5.0,1592750648
16579439,5.0,1599725919
16579439,5.0,1596552213
16579439,4.0,1592722294
16579439,2.0,1592564937
16579439,5.0,1591401724
16577621,4.0,1598325342
16577621,3.0,1594212124
16577621,4.0,1593990453
16577621,4.0,1583897209
16577621,5.0,1583051385
16573067,5.0,1585478261
16573067,4.0,1582054713
16573067,4.0,1581345921
16573067,5.0,1580881065
16573067,5.0,1580872970
16713830,5.0,1593092100
16713830,4.0,1592833904
16713830,5.0,1589611981
16713830,5.0,1587971521
16713830,5.0,1583884685
17849363,2.0,1596879419
17849363,5.0,1585213661
17849363,4.0,1584687215
17849363,5.0,1584615148
17849363,5.0,1584424290
16574818,4.0,1582957215
16574818,5.0,1581993710
16574818,5.0,1580717004
16574818,2.0,1579388206
16574818,5.0,1576139462
16582655,2.0,1586853174
16582655,4.0,1585802253
16582655,4.0,1584410221
16582655,5.0,1584184443
16582655,4.0,1583620797
16576672,4.0,1601363013
16576672,4.0,1597545815
16576672,1.0,1597342699
16576672,4.0,1596312185
16576672,3.0,1596106777
16571628,5.0,1593219482
16571628,5.0,1591708019
16571628,5.0,1583704173
16571628,5.0,1580898487
16571628,1.0,1579872788
16572155,5.0,1594000711
16572155,4.0,1582965362
16572155,2.0,1582087231
16572155,4.0,1580986495
16572155,5.0,1580898912
16571988,5.0,1598761295
16571988,5.0,1598036851
16571988,4.0,1595751113
16571988,5.0,1593528409
16571988,5.0,1593513295
16572235,5.0,1601362807
16572235,5.0,1593512723
16572235,3.0,1593252866
16572235,4.0,1591620376
16572235,4.0,1591503506
16581841,4.0,1601973268
16581841,3.0,1592834739
16581841,3.0,1583023498
16581841,5.0,1582778442
16581841,5.0,1580902187
16583248,4.0,1598765498
16583248,4.0,1592200917
16583248,4.0,1591946993
16583248,5.0,1591693255
16583248,5.0,1585465311
16574121,5.0,1588124629
16574121,4.0,1587792309
16574121,5.0,1584686745
16574121,5.0,1583225968
16574121,5.0,1583178270
16582908,4.0,1594459166
16582908,4.0,1585366027
16582908,4.0,1583846005
16582908,5.0,1583838577
16582908,3.0,1582970999
16586156,5.0,1595399099
16586156,5.0,1594460627
16586156,4.0,1592746730
16586156,5.0,1592309828
16586156,4.0,1589648896
16579874,5.0,1593318778
16579874,1.0,1593240427
16579874,5.0,1584229259
16579874,5.0,1583546188
16579874,5.0,1581845487
18097646,5.0,1601886708
18097646,5.0,1601113805
18097646,5.0,1600564917
18097646,5.0,1598586597
18097646,5.0,1598510703
16573068,5.0,1593922620
16573068,5.0,1584273932
16573068,5.0,1584237249
16573068,2.0,1583569017
16573068,4.0,1582677734
18241437,4.0,1597143611
18241437,1.0,1594102265
18241437,3.0,1593941152
18241437,5.0,1592093541
18241437,5.0,1590210303
16564875,2.0,1601615406
16564875,5.0,1600395848
16564875,5.0,1599876074
16564875,1.0,1598930373
16564875,5.0,1598840364
16564139,3.0,1601810296
16564139,5.0,1601102288
16564139,5.0,1599996517
16564139,5.0,1596060824
16564139,5.0,1595244835
16566986,5.0,1600581888
16566986,5.0,1600328401
16566986,5.0,1598757791
16566986,4.0,1597399603
16566986,4.0,1595997889
16564570,5.0,1602205165
16564570,3.0,1601979820
16564570,5.0,1601280986
16564570,1.0,1600402865
16564570,1.0,1599867832
16565634,4.0,1598262185
16565634,5.0,1589642513
16565634,4.0,1584527703
16565634,5.0,1583470978
16565634,1.0,1583316444
16558450,3.0,1584183529
16558450,5.0,1583664942
16558450,5.0,1582943398
16558450,4.0,1582625111
16558450,4.0,1582401219
16562756,4.0,1600859765
16562756,5.0,1600074284
16562756,3.0,1596976940
16562756,5.0,1594731525
16562756,5.0,1590153536
16567840,3.0,1601434951
16567840,4.0,1597631995
16567840,4.0,1597114999
16567840,5.0,1596702334
16567840,4.0,1595851478
16562670,1.0,1601882800
16562670,4.0,1599221909
16562670,2.0,1598595004
16562670,4.0,1598491814
16562670,4.0,1598062010
16559119,5.0,1594960231
16559119,3.0,1591611847
16559119,3.0,1590743822
16559119,5.0,1590615142
16559119,4.0,1587083055
16557398,5.0,1585198159
16557398,5.0,1583215720
16557398,4.0,1582386394
16557398,4.0,1582311171
16557398,4.0,1582134716
16558798,5.0,1601769281
16558798,5.0,1599742033
16558798,5.0,1592556612
16558798,5.0,1582779930
16558798,4.0,1582386644
15547004,3.0,1602202638
15547004,5.0,1599631736
15547004,5.0,1596365911
15547004,5.0,1596089650
15547004,5.0,1595759854
16563159,5.0,1602027332
16563159,5.0,1598936405
16563159,5.0,1596969452
16563159,5.0,1595157039
16563159,4.0,1582625003
16559232,4.0,1596784470
16559232,5.0,1595509516
16559232,2.0,1594365075
16559232,1.0,1593840039
16559232,4.0,1592478690
16557552,2.0,1596794847
16557552,5.0,1586868802
16557552,5.0,1584703940
16557552,5.0,1584406404
16557552,1.0,1583572608
16561824,5.0,1600474885
16561824,4.0,1598224621
16561824,5.0,1595121593
16561824,5.0,1592119715
16561824,4.0,1584858733
16559790,5.0,1601892569
16559790,5.0,1600773391
16559790,4.0,1595199637
16559790,5.0,1594987721
16559790,5.0,1593062457
15544559,5.0,1598573520
15544559,5.0,1582527061
15544559,5.0,1582349969
15544559,4.0,1579344897
15544559,4.0,1579003221
16569007,5.0,1601857231
16569007,3.0,1601047105
16569007,4.0,1599912713
16569007,3.0,1595999610
16569007,5.0,1595726449
15545104,5.0,1601468807
15545104,4.0,1600318285
15545104,4.0,1598537748
15545104,5.0,1596795568
15545104,5.0,1595831526
16562527,5.0,1600517919
16562527,5.0,1598411911
16562527,5.0,1597786459
16562527,5.0,1595564471
16562527,4.0,1595509283
16558268,5.0,1599614910
16558268,3.0,1594529728
16558268,5.0,1593432284
16558268,5.0,1591251995
16558268,5.0,1585460041
16560990,5.0,1596967047
16560990,4.0,1594697796
16560990,5.0,1589640127
16560990,4.0,1588947530
16560990,5.0,1588767313
16557481,5.0,1601766786
16557481,4.0,1598446429
16557481,5.0,1598173082
16557481,3.0,1596232200
16557481,5.0,1587087568
16562187,5.0,1597499989
16562187,5.0,1597236395
16562187,4.0,1597126125
16562187,5.0,1592374065
16562187,5.0,1582889097
16566463,5.0,1599573504
16566463,4.0,1598768107
16566463,5.0,1597983387
16566463,3.0,1596854081
16566463,5.0,1586682999
16557237,4.0,1602202521
16557237,4.0,1601891846
16557237,4.0,1601434366
16557237,5.0,1600987733
16557237,4.0,1593070442
16567979,3.0,1601700264
16567979,3.0,1600818464
16567979,3.0,1600694822
16567979,4.0,1599956478
16567979,4.0,1598002203
16569454,5.0,1597321669
16569454,4.0,1594771861
16569454,5.0,1583923772
16569454,4.0,1582622861
16569454,4.0,1582400935
16559171,4.0,1596081747
16559171,4.0,1591344761
16559171,4.0,1586867926
16559171,4.0,1584942370
16559171,5.0,1582886916
16566109,5.0,1596888909
16566109,5.0,1596853747
16566109,2.0,1585625816
16566109,4.0,1584833804
16566109,1.0,1584161310
16566176,4.0,1598166574
16566176,5.0,1572020166
16566176,3.0,1569502615
16566176,4.0,1567382994
16566176,5.0,1566977022
16564684,1.0,1592402492
16564684,4.0,1585446362
16564684,4.0,1584742263
16564684,4.0,1584055622
16564684,3.0,1578702783
16559908,4.0,1599134467
16559908,2.0,1594828297
16559908,4.0,1590376300
16559908,3.0,1584924963
16559908,5.0,1584792045
16568099,5.0,1602026427
16568099,4.0,1595810044
16568099,5.0,1582887061
16568099,4.0,1582709117
16568099,4.0,1582386067
16569020,4.0,1587902601
16569020,3.0,1581549636
16569020,5.0,1577782860
16569020,5.0,1572513929
16569020,4.0,1543140228
16568165,3.0,1598705414
16568165,4.0,1598079608
16568165,4.0,1596332781
16568165,2.0,1595169222
16568165,3.0,1594004977
16562433,5.0,1601787358
16562433,4.0,1599990547
16562433,4.0,1598236262
16562433,5.0,1595831323
16562433,4.0,1595196972
18394951,5.0,1597793093
18394951,4.0,1596412481
18394951,5.0,1595051961
18394951,4.0,1594905992
18394951,5.0,1594043386
16564828,3.0,1601759172
16564828,5.0,1600986755
16564828,3.0,1597500529
16564828,5.0,1591485552
16564828,5.0,1589116040
16563677,4.0,1600499891
16563677,5.0,1595653937
16563677,5.0,1594987784
16563677,5.0,1594731779
16563677,4.0,1594687393
16561698,5.0,1593237046
16561698,4.0,1593081483
16561698,5.0,1592651866
16561698,4.0,1591503047
16561698,4.0,1590058676
16559086,1.0,1596881982
16559086,5.0,1594655801
16559086,5.0,1589513941
16559086,4.0,1581682455
16559086,1.0,1578085339
16566547,4.0,1601811695
16566547,5.0,1597412317
16566547,4.0,1597207043
16566547,5.0,1594731815
16566547,5.0,1594105516
16561309,2.0,1595771853
16561309,4.0,1595250476
16561309,4.0,1583642683
16561309,5.0,1582886322
16561309,4.0,1582361107
15546911,4.0,1601453657
15546911,5.0,1601038029
15546911,5.0,1597054259
15546911,5.0,1593763994
15546911,4.0,1582386422
17743923,4.0,1599142161
17743923,5.0,1597630016
17743923,3.0,1596874453
17743923,4.0,1596856402
17743923,1.0,1594522656
16564699,5.0,1592132167
16564699,5.0,1583308123
16564699,5.0,1582889090
16564699,4.0,1578054825
16564699,5.0,1572866139
16566535,5.0,1593851029
16566535,3.0,1583316747
16566535,3.0,1574010350
16566535,5.0,1573660423
16566535,5.0,1570828519
16570446,5.0,1592742110
16570446,4.0,1592477969
16570446,1.0,1585276004
16570446,4.0,1580387082
16570446,4.0,1574484037
17742790,3.0,1596628881
17742790,4.0,1596333116
17742790,4.0,1594212607
17742790,5.0,1593950582
17742790,3.0,1593605373
17744148,4.0,1601108650
17744148,4.0,1597120986
17744148,5.0,1596960954
17744148,5.0,1592123032
17744148,2.0,1591622284
16562675,4.0,1592722956
16562675,3.0,1584493315
16562675,4.0,1584079298
16562675,4.0,1582886412
16562675,5.0,1582717362
18220980,4.0,1597411799
18220980,2.0,1596964511
18220980,5.0,1596501485
18220980,4.0,1593581271
18220980,4.0,1593534519
16557570,1.0,1600769982
16557570,5.0,1590745673
16557570,5.0,1590745649
16557570,5.0,1583366404
16557570,4.0,1582888694
16569877,3.0,1601691331
16569877,4.0,1601352966
16569877,4.0,1599354656
16569877,5.0,1599032719
16569877,5.0,1594740161
16558906,5.0,1600084722
16558906,5.0,1599308776
16558906,4.0,1597549060
16558906,5.0,1596960522
16558906,5.0,1595831170
16558421,5.0,1588936879
16558421,3.0,1588134417
16558421,4.0,1583096622
16558421,5.0,1583017284
16558421,5.0,1582888789
16557718,5.0,1601927127
16557718,1.0,1601888107
16557718,4.0,1597630226
16557718,3.0,1583488640
16557718,5.0,1582641280
16566248,5.0,1601154808
16566248,5.0,1599285767
16566248,5.0,1597104308
16566248,4.0,1594732026
16566248,5.0,1591012142
16557147,3.0,1601769841
16557147,5.0,1584604012
16557147,5.0,1582887147
16557147,4.0,1582386253
16557147,4.0,1582310917
15545439,5.0,1601004824
15545439,4.0,1598575346
15545439,5.0,1596960547
15545439,3.0,1596944374
15545439,4.0,1596858049
16567674,5.0,1591172427
16567674,4.0,1582888686
16567674,4.0,1582796986
16567674,4.0,1582388486
16567674,4.0,1582311662
16559258,4.0,1593990068
16559258,5.0,1593174395
16559258,2.0,1577758184
16559258,4.0,1570200888
16559258,3.0,1568623173
16562652,4.0,1593320112
16562652,3.0,1592993575
16562652,3.0,1584528544
16562652,5.0,1582886341
16562652,4.0,1582629088
16568015,4.0,1592310442
16568015,5.0,1591886430
16568015,5.0,1589861819
16568015,5.0,1581929578
16568015,5.0,1581515135
16557807,2.0,1597397041
16557807,5.0,1592565138
16557807,5.0,1583557708
16557807,4.0,1581511795
16557807,3.0,1572961393
16559500,4.0,1600818753
16559500,4.0,1598668701
16559500,1.0,1583067593
16559500,5.0,1582886822
16559500,5.0,1582795989
16568476,5.0,1596798395
16568476,5.0,1595763202
16568476,3.0,1595753360
16568476,4.0,1594611572
16568476,5.0,1592641445
16569582,5.0,1596353452
16569582,4.0,1594947405
16569582,4.0,1591184928
16569582,4.0,1584367595
16569582,4.0,1578145304
16563069,5.0,1601702101
16563069,5.0,1595112450
16563069,5.0,1584317710
16563069,4.0,1582931778
16563069,5.0,1582887092
16565382,3.0,1587115469
16565382,5.0,1582889046
16565382,5.0,1581759644
16565382,5.0,1575762233
16565382,5.0,1575587822
16564479,5.0,1601462028
16564479,5.0,1599820092
16564479,4.0,1597786490
16564479,4.0,1584164278
16564479,5.0,1583449037
15546922,5.0,1600772641
15546922,2.0,1598441700
15546922,4.0,1598331702
15546922,3.0,1598093027
15546922,2.0,1596945098
16559009,5.0,1601865134
16559009,4.0,1600220188
16559009,3.0,1597555469
16559009,4.0,1593334605
16559009,3.0,1592624025
16557948,5.0,1596717419
16557948,5.0,1578486623
16557948,4.0,1573729757
16557948,4.0,1573660565
16557948,3.0,1572820002
16559833,5.0,1587368258
16559833,4.0,1582622845
16559833,5.0,1582434518
16559833,4.0,1582388551
16559833,5.0,1581141803
18381614,4.0,1600664455
18381614,5.0,1600395704
18381614,5.0,1600313974
18381614,5.0,1599309430
18381614,5.0,1599241322
16563918,4.0,1599927141
16563918,5.0,1583583643
16563918,5.0,1582888976
16563918,5.0,1577861533
16563918,2.0,1573722817
16566183,5.0,1601631601
16566183,4.0,1597579260
16566183,3.0,1596799842
16566183,4.0,1592013871
16566183,5.0,1582888650
16559190,4.0,1600952374
16559190,5.0,1598611914
16559190,5.0,1592031920
16559190,5.0,1586869164
16559190,5.0,1583726274
16564601,4.0,1593909022
16564601,2.0,1593294424
16564601,1.0,1592105962
16564601,4.0,1584789804
16564601,3.0,1574550224
16559453,4.0,1601450869
16559453,2.0,1599030471
16559453,5.0,1598453840
16559453,5.0,1596858554
16559453,3.0,1596606618
16558176,5.0,1596781644
16558176,5.0,1594117919
16558176,4.0,1586664556
16558176,5.0,1579268957
16558176,4.0,1578740540
16557373,3.0,1590106486
16557373,5.0,1582888811
16557373,4.0,1582386749
16557373,4.0,1582311546
16557373,5.0,1581819613
16558549,5.0,1583097555
16558549,3.0,1581827297
16558549,3.0,1580732648
16558549,3.0,1580526081
16558549,4.0,1580256544
16558709,5.0,1586401821
16558709,5.0,1582889000
16558709,5.0,1574158374
16558709,5.0,1566010573
16558709,3.0,1563589006
16563607,5.0,1596858567
16563607,4.0,1596278547
16563607,5.0,1593320141
16563607,5.0,1590320369
16563607,4.0,1583801467
16558647,1.0,1601934338
16558647,3.0,1600584115
16558647,4.0,1599041704
16558647,5.0,1598000948
16558647,4.0,1597928494
16558672,4.0,1599810940
16558672,5.0,1597117653
16558672,3.0,1584242633
16558672,5.0,1584067087
16558672,1.0,1583512325
18518832,3.0,1600490165
18518832,4.0,1599120501
18518832,4.0,1597490413
18518832,4.0,1594079199
18518832,5.0,1591692362
18494965,5.0,1599902924
18494965,4.0,1597231057
18494965,3.0,1595158080
18494965,5.0,1591432530
18494965,4.0,1584367293
16560405,3.0,1602141532
16560405,4.0,1598668327
16560405,4.0,1593042208
16560405,4.0,1583633262
16560405,4.0,1577486231
16559582,3.0,1601760257
16559582,5.0,1592903937
16559582,4.0,1582386333
16559582,4.0,1582311013
16559582,4.0,1582134543
16594733,5.0,1601729812
16594733,5.0,1601041218
16594733,4.0,1597812761
16594733,5.0,1597812723
16594733,4.0,1595222713
18441945,4.0,1601866376
18441945,5.0,1600776691
18441945,5.0,1600474112
18441945,4.0,1599967625
18441945,5.0,1599921653
16593535,5.0,1594397223
16593535,5.0,1581764069
16593535,5.0,1580810600
16593535,3.0,1576292467
16593535,4.0,1576241419
16591979,3.0,1595585610
16591979,5.0,1592270588
16591979,5.0,1588727567
16591979,5.0,1581128335
16591979,2.0,1579095659
16589856,3.0,1601436330
16589856,4.0,1595942723
16589856,5.0,1577760145
16589856,2.0,1575457580
16589856,4.0,1574426314
16593328,4.0,1601762829
16593328,4.0,1597196159
16593328,3.0,1594430818
16593328,4.0,1589690563
16593328,4.0,1581374557
16595162,5.0,1594020760
16595162,4.0,1592047688
16595162,5.0,1582446091
16595162,1.0,1581931178
16595162,4.0,1581491122
16590496,3.0,1583912274
16590496,4.0,1582425659
16590496,5.0,1581938695
16590496,5.0,1580452487
16590496,2.0,1579260822
16590678,5.0,1600769205
16590678,5.0,1598442472
16590678,5.0,1596704327
16590678,5.0,1596362915
16590678,3.0,1594728205
16592679,5.0,1600257388
16592679,3.0,1577678732
16592679,5.0,1577667985
16592679,3.0,1574070876
16592679,5.0,1568240820
16591972,3.0,1596920428
16591972,5.0,1589448920
16591972,1.0,1582440827
16591972,3.0,1579638662
16591972,5.0,1579260411
16591811,5.0,1577875308
16591811,5.0,1570544101
16591811,4.0,1569990575
16591811,5.0,1559636502
16591811,3.0,1558003025
16595540,4.0,1598073462
16595540,5.0,1594174158
16595540,5.0,1593839670
16595540,4.0,1592270538
16595540,5.0,1589022652
16590399,2.0,1600077230
16590399,5.0,1597984810
16590399,5.0,1583360016
16590399,5.0,1582218543
16590399,5.0,1581802180
16591947,3.0,1599973175
16591947,5.0,1595414167
16591947,4.0,1581660238
16591947,3.0,1574474403
16591947,4.0,1573867555
16591194,4.0,1596803914
16591194,3.0,1595327076
16591194,4.0,1583067319
16591194,2.0,1581130369
16591194,4.0,1575078044
16589946,3.0,1602209320
16589946,5.0,1592693903
16589946,5.0,1581128450
16589946,5.0,1575025139
16589946,5.0,1574428662
16592585,5.0,1591442320
16592585,5.0,1586156328
16592585,5.0,1586154727
16592585,5.0,1586153765
16592585,4.0,1576227418
16590468,4.0,1583790911
16590468,4.0,1581749640
16590468,3.0,1577613277
16590468,4.0,1572999239
16590468,5.0,1566350463
16590549,4.0,1581127035
16590549,5.0,1573550754
16590549,5.0,1570361700
16590549,3.0,1563198037
16590549,2.0,1558059392
16590758,4.0,1601007706
16590758,3.0,1595657242
16590758,5.0,1589628336
16590758,5.0,1587956914
16590758,5.0,1582246268
16592280,4.0,1600492554
16592280,5.0,1596117905
16592280,4.0,1594302678
16592280,4.0,1590610229
16592280,5.0,1588573993
16590174,4.0,1598152174
16590174,4.0,1597653756
16590174,3.0,1590190288
16590174,5.0,1582021142
16590174,4.0,1580964066
16589795,5.0,1601595558
16589795,2.0,1578030594
16589795,4.0,1571475316
16589795,4.0,1570091726
16589795,5.0,1567750680
16594075,3.0,1601350937
16594075,5.0,1596108235
16594075,5.0,1595675898
16594075,5.0,1595139421
16594075,4.0,1592463451
16592896,5.0,1600524206
16592896,5.0,1599313491
16592896,1.0,1590996926
16592896,5.0,1581851103
16592896,5.0,1577226902
16593214,5.0,1597058653
16593214,5.0,1596145166
16593214,5.0,1594723995
16593214,5.0,1590485760
16593214,5.0,1584053725
16590943,5.0,1597623308
16590943,4.0,1594692028
16590943,1.0,1593162872
16590943,4.0,1578406506
16590943,1.0,1577431657
16590287,2.0,1574590089
16590287,5.0,1574487974
16590287,4.0,1568624879
16590287,1.0,1565319562
16590287,5.0,1560829554
16594235,3.0,1601878022
16594235,5.0,1594488765
16594235,4.0,1590476100
16594235,2.0,1587504732
16594235,4.0,1584554457
16591992,5.0,1601593073
16591992,4.0,1601068960
16591992,3.0,1599357708
16591992,4.0,1597490851
16591992,4.0,1595891656
16591388,5.0,1588841577
16591388,5.0,1586046157
16591388,4.0,1579668169
16591388,5.0,1572682904
16591388,4.0,1571520065
16590079,4.0,1598579502
16590079,5.0,1595655356
16590079,5.0,1574624730
16590079,5.0,1566858385
16590079,5.0,1566629765
16590484,2.0,1601431448
16590484,3.0,1593315158
16590484,1.0,1592647785
16590484,4.0,1582117682
16590484,2.0,1581989901
16589866,5.0,1592910212
16589866,4.0,1583837635
16589866,4.0,1581756805
16589866,4.0,1563022208
16589866,5.0,1562893480
16589840,4.0,1599379308
16589840,4.0,1554033794
16589840,4.0,1552337486
16589840,4.0,1548545316
16589840,5.0,1547467528
16590589,5.0,1582069880
16590589,5.0,1577770344
16590589,2.0,1577615241
16590589,5.0,1575628579
16590589,4.0,1574545613
16591588,2.0,1598180223
16591588,3.0,1598156023
16591588,4.0,1582026733
16591588,2.0,1578894144
16591588,3.0,1574588777
16590186,4.0,1582860984
16590186,5.0,1582756450
16590186,4.0,1568718720
16590186,3.0,1567302378
16590186,5.0,1558355007
16593466,5.0,1594342432
16593466,4.0,1578446546
16593466,4.0,1578025600
16593466,4.0,1574735146
16593466,5.0,1573454480
16590241,5.0,1600933544
16590241,5.0,1596880833
16590241,5.0,1583965768
16590241,4.0,1583883855
16590241,4.0,1576751988
16591327,5.0,1580862730
16591327,4.0,1574427498
16591327,4.0,1564729992
16591327,4.0,1561764733
16591327,4.0,1546479326
16595315,4.0,1602133091
16595315,5.0,1600697911
16595315,3.0,1595985133
16595315,4.0,1584355472
16595315,4.0,1583012276
18157199,5.0,1601330709
18157199,4.0,1599874740
18157199,5.0,1598676580
18157199,2.0,1592569242
18157199,3.0,1592383901
16595581,5.0,1601697028
16595581,5.0,1598132911
16595581,5.0,1596283844
16595581,5.0,1593818112
16595581,5.0,1581938526
16590314,3.0,1593934594
16590314,5.0,1581131996
16590314,5.0,1580123862
16590314,2.0,1577489420
16590314,4.0,1575887905
16591004,4.0,1601974390
16591004,4.0,1590286601
16591004,1.0,1580301075
16591004,1.0,1560468376
16591004,4.0,1558060548
16592889,4.0,1595355560
16592889,2.0,1593828163
16592889,5.0,1592270490
16592889,4.0,1579558442
16592889,4.0,1575413449
16589993,5.0,1590672315
16589993,5.0,1581841818
16589993,4.0,1581213549
16589993,5.0,1579041371
16589993,5.0,1573738836
16592082,4.0,1582442042
16592082,4.0,1557837058
16592082,4.0,1533081478
16592082,3.0,1531818816
16592082,4.0,1525685271
16590219,1.0,1599452169
16590219,3.0,1599299508
16590219,1.0,1598169359
16590219,2.0,1595185580
16590219,5.0,1594903620
16592478,5.0,1600830660
16592478,4.0,1559039063
16592478,5.0,1535877811
16592478,5.0,1526374380
16592478,5.0,1524609810
16590137,4.0,1601783179
16590137,4.0,1601074609
16590137,3.0,1599882806
16590137,5.0,1596872031
16590137,5.0,1592401081
16589924,4.0,1600990429
16589924,5.0,1598615313
16589924,4.0,1594640861
16589924,4.0,1583239385
16589924,4.0,1580214923
16591503,5.0,1581427671
16591503,1.0,1581323408
16591503,1.0,1572441277
16591503,5.0,1571660706
16591503,5.0,1570359496
16593080,4.0,1581219905
16593080,3.0,1581194688
16593080,5.0,1579753199
16593080,5.0,1575597273
16593080,4.0,1558062309
17841502,4.0,1601040383
17841502,5.0,1599389405
17841502,4.0,1599292974
17841502,5.0,1597369239
17841502,5.0,1596896853
18313659,5.0,1601768586
18313659,5.0,1601531431
18313659,4.0,1598103590
18313659,4.0,1596705854
18313659,4.0,1595657955
16592593,1.0,1549617664
16592593,3.0,1475207263
16592593,4.5,1473643019
16592593,4.5,1470542126
16592593,3.5,1469192545
16589787,4.0,1584355068
16589787,5.0,1578743485
16589787,4.0,1565866425
16589787,4.0,1565781767
16589787,5.0,1554881310
16590960,2.0,1598164944
16590960,4.0,1597201708
16590960,5.0,1594538143
16590960,1.0,1589454721
16590960,4.0,1583576985
16592346,4.0,1601453147
16592346,5.0,1569327116
16592346,5.0,1569167059
16592346,5.0,1561017513
16592346,4.0,1560860630
16590177,4.0,1582767396
16590177,5.0,1575759214
16590177,5.0,1574544720
16590177,5.0,1569718450
16590177,5.0,1561354995
16590360,3.0,1602210013
16590360,1.0,1592717345
16590360,4.0,1586146037
16590360,4.0,1582114023
16590360,3.0,1581066636
16594784,4.0,1600583239
16594784,5.0,1599820042
16594784,4.0,1584554643
16594784,4.0,1584355431
16594784,4.0,1583577145
16594471,2.0,1598149063
16594471,4.0,1584355872
16594471,5.0,1579668196
16594471,3.0,1567515846
16594471,5.0,1560564325
16591109,5.0,1596606312
16591109,5.0,1586906011
16591109,5.0,1561679072
16591109,5.0,1553844363
16591109,4.0,1549111755
16591733,4.0,1584355120
16591733,5.0,1566703357
16591733,4.0,1560006749
16591733,4.0,1559215685
16591733,3.0,1554783559
17841425,5.0,1599348256
17841425,3.0,1598671584
17841425,5.0,1593506128
17841425,5.0,1593045003
17841425,4.0,1584355635
18346387,5.0,1598007105
18346387,5.0,1593079648
18346387,5.0,1578838484
18346387,3.0,1575884025
18346387,4.0,1573549175
16594374,4.0,1586567715
16594374,4.0,1584554467
16594374,4.0,1584355217
16594374,4.0,1581901486
16594374,3.0,1576065641
16590279,2.0,1598090542
16590279,4.0,1584554592
16590279,4.0,1584355361
16590279,4.0,1578952830
16590279,2.0,1562663727
16589882,5.0,1594469001
16589882,5.0,1590660519
16589882,5.0,1574170665
16589882,5.0,1569644947
16589882,5.0,1566447972
18221847,5.0,1595420226
18221847,5.0,1594683180
18221847,4.0,1593229302
18221847,4.0,1590611849
18221847,5.0,1578832224
16589777,5.0,1601453011
16589777,5.0,1598491800
16589777,4.0,1597577613
16589777,5.0,1597177438
16589777,5.0,1592216594
16589893,4.0,1600402611
16589893,4.0,1584355167
16589893,5.0,1584244801
16589893,1.0,1580000459
16589893,4.0,1575044731
18019691,4.0,1598594528
18019691,5.0,1597640800
18019691,5.0,1595400825
18019691,4.0,1593350441
18019691,5.0,1586417068
17841467,4.0,1581938830
17841467,4.0,1560569484
17841467,3.0,1558836319
17841467,5.0,1555221709
17841467,5.0,1545282610
16590591,5.0,1597068804
16590591,5.0,1583240046
16590591,3.0,1581861526
16590591,3.0,1579692080
16590591,5.0,1573174539
16591893,5.0,1599290880
16591893,5.0,1583617308
16591893,4.0,1583466895
16591893,5.0,1577950851
16591893,5.0,1571204825
16591182,4.0,1582755447
16591182,5.0,1578128239
16591182,5.0,1575542722
16591182,2.0,1570661729
16591182,3.0,1554191401
16590106,4.0,1584554475
16590106,4.0,1584355236
16590106,4.0,1561286415
16590106,2.0,1560246890
16590106,5.0,1558364659
16593278,3.0,1598836934
16593278,5.0,1596487540
16593278,4.0,1584554500
16593278,4.0,1584355245
16593278,5.0,1579651748
16592779,5.0,1591973604
16592779,3.0,1578749709
16592779,5.0,1575635059
16592779,4.0,1561897935
16592779,5.0,1554189882
16595330,5.0,1601667309
16595330,5.0,1596251194
16595330,5.0,1586338503
16595330,4.0,1584084836
16595330,4.0,1581372588
18019706,4.0,1595600312
18019706,1.0,1591369194
18019706,4.0,1584355753
18019706,1.0,1582292721
18019706,4.0,1580948149
16594530,4.0,1602209827
16594530,5.0,1598213891
16594530,5.0,1595975012
16594530,1.0,1595737206
16594530,4.0,1595657096
16590152,2.0,1599361457
16590152,4.0,1591793042
16590152,1.0,1574078432
16590152,1.0,1572935043
16590152,4.0,1553509203
16592059,5.0,1591565584
16592059,5.0,1581129468
16592059,1.0,1571963128
16592059,4.0,1556347969
16592059,5.0,1553694245
18477603,4.0,1599378951
18477603,5.0,1598868322
18477603,3.0,1597642775
18477603,5.0,1586753211
18477603,5.0,1585360259
16594973,5.0,1601973877
16594973,5.0,1601722999
16594973,5.0,1601722257
16594973,5.0,1599295565
16594973,4.0,1592318846
16591627,3.0,1578965231
16591627,4.0,1577702000
16591627,4.0,1573738749
16591627,5.0,1558733106
16591627,4.0,1549071544
16588041,4.0,1584280124
16588041,4.0,1558177652
16588041,2.0,1556251800
16588041,4.0,1553651219
16588041,5.0,1543299226
16587790,5.0,1594995202
16587790,5.0,1580212054
16587790,4.0,1577421883
16587790,3.0,1576138474
16587790,5.0,1574149842
16587422,4.0,1584352253
16587422,4.0,1584279698
16587422,4.0,1583151028
16587422,3.0,1578486469
16587422,4.0,1570666618
16587131,4.0,1584560462
16587131,4.0,1584352472
16587131,4.0,1584279938
16587131,4.0,1583151694
16587131,1.0,1578699231
16587200,4.0,1584352236
16587200,4.0,1584279665
16587200,4.0,1583150964
16587200,5.0,1580019924
16587200,5.0,1577866649
16587476,4.0,1584280211
16587476,4.0,1577168995
16587476,5.0,1575625676
16587476,5.0,1569215416
16587476,5.0,1541383736
16587704,4.0,1584560435
16587704,4.0,1584352466
16587704,4.0,1584279928
16587704,4.0,1583151706
16587704,4.0,1570748583
16589229,4.0,1584560394
16589229,4.0,1584352428
16589229,4.0,1584279867
16589229,4.0,1583151672
16589229,5.0,1568468417
18210356,3.0,1599834271
18210356,4.0,1584280178
18210356,4.0,1581591527
18210356,5.0,1575792604
18210356,4.0,1568468483
18348571,2.0,1591434675
18348571,3.0,1590824331
18348571,4.0,1584280171
18348571,1.0,1578132542
18348571,3.0,1577864581
16587651,4.0,1584352245
16587651,4.0,1584279674
16587651,4.0,1583151017
16587651,4.0,1558265754
16587651,4.0,1555305926
16587483,4.0,1584560379
16587483,4.0,1584352435
16587483,4.0,1584279898
16587483,4.0,1583151685
16587483,5.0,1564025928
16588162,4.0,1600596821
16588162,4.0,1584560553
16588162,4.0,1584280024
16588162,4.0,1583151826
16588162,5.0,1557015429
16587540,4.0,1584280742
16587540,5.0,1570612064
16587540,5.0,1568468496
16587540,3.0,1562666218
16587540,5.0,1558332600
16588523,4.0,1584280251
16588523,4.0,1581024365
16588523,2.0,1560560514
16588523,4.0,1558832034
16588523,3.0,1536751106
16588195,4.0,1584560615
16588195,5.0,1575341162
16588195,5.0,1575341115
16588195,1.0,1575007564
16588195,5.0,1557796384
16588139,2.0,1566715648
16588139,5.0,1521242155
16588139,4.5,1497533686
16588139,5.0,1493855282
16588139,4.5,1491916390
16587339,5.0,1587651020
16587339,4.0,1583150580
16587339,3.0,1581043461
16587339,1.0,1572782999
16587339,4.0,1560123065
16588700,4.0,1584280750
16588700,3.0,1568573149
16588700,3.0,1538904865
16588700,4.0,1536671412
16588700,4.0,1534731530
16586916,4.0,1584352287
16586916,4.0,1584279708
16586916,4.0,1583151110
16586916,4.0,1578751844
16586916,4.0,1578228314
16602377,4.0,1594295729
16602377,5.0,1565304970
16602377,5.0,1539427167
16602377,5.0,1530366154
16602377,4.0,1528936551
16602643,4.0,1577076365
16602643,5.0,1570919426
16602643,4.0,1568511768
16602643,4.0,1568010041
16602643,5.0,1564452153
16603346,5.0,1575881799
16603346,4.0,1564212150
16603346,5.0,1564109846
16603346,4.0,1562728489
16603346,4.0,1560490457
16602794,3.0,1577935420
16602794,4.5,1526789704
16602794,4.0,1510983892
16602794,3.5,1510982004
16602794,3.5,1493463365
16602401,5.0,1598238213
16602401,4.0,1517582742
16602401,1.0,1517136503
16602401,1.0,1492348178
16602401,4.5,1491200267
16602399,5.0,1583322189
16602399,3.0,1563699201
16602399,2.0,1561951966
16602399,4.0,1559453652
16602399,4.0,1533023633
16602423,5.0,1595479964
16602423,4.0,1594306747
16602423,3.0,1593249336
16602423,1.0,1592020899
16602423,4.0,1581720854
16602445,3.0,1556091382
16602445,2.0,1555504715
16602445,4.0,1519950270
16602445,3.5,1511172910
16602445,3.5,1506069835
16603083,4.0,1584541342
16603083,4.0,1584285509
16603083,2.0,1573861599
16603083,3.0,1557403038
16603083,1.0,1553757044
16602438,1.0,1601115810
16602438,1.0,1598131884
16602438,4.0,1564448835
16602438,5.0,1555920196
16602438,4.0,1549689079
16602392,1.0,1571606939
16602392,3.0,1558527281
16602392,4.0,1555450261
16602392,5.0,1538408261
16602392,5.0,1532831961
16602345,5.0,1540632394
16602345,4.0,1540184615
16602345,5.0,1501051484
16602345,3.5,1496699517
16602345,5.0,1487474487
16602380,5.0,1573459820
16602380,3.0,1524537294
16602380,2.5,1476652054
16602380,2.5,1476497050
16602380,3.0,1471097667
16602920,4.0,1581738119
16602920,4.0,1574225391
16602920,4.0,1556094832
16602920,4.0,1536224687
16602920,4.0,1535249464
16602875,2.0,1568525301
16602875,2.0,1554976389
16602875,5.0,1525494535
16602875,3.0,1519471004
16602875,4.5,1515905057
16602411,4.0,1584541380
16602411,4.0,1584285567
16602411,3.0,1579936348
16602411,1.0,1550488435
16602411,5.0,1537078946
16603003,3.0,1598694694
16603003,5.0,1585282488
16603003,4.0,1569667029
16603003,4.0,1564353810
16603003,4.0,1560510275
16602350,1.0,1575272801
16602350,3.0,1504645868
16602350,3.0,1491872392
16602350,2.5,1487322417
16602350,1.5,1483234876
16602843,4.0,1584541426
16602843,4.0,1584285621
16602843,4.0,1571176586
16602843,3.0,1569403088
16602843,4.0,1564015953
16603126,4.0,1584541587
16603126,4.0,1584285795
16603126,1.0,1523764935
16603126,4.5,1501739624
16603126,5.0,1501407709
16602898,5.0,1582100043
16602898,3.0,1570405001
16602898,3.0,1565913745
16602898,4.0,1547434474
16602898,4.0,1539562573
16603300,4.0,1584541445
16603300,4.0,1584285628
16603300,3.0,1571177498
16603300,4.0,1527395981
16603300,5.0,1526198582
16602464,4.0,1584285740
16602464,5.0,1479369270
16602464,4.0,1465884171
16602464,5.0,1439376397
16602464,4.0,1437507420
16603104,4.0,1584542047
16603104,3.0,1575860358
16603104,4.5,1506036829
16603104,3.5,1482192242
16603104,3.5,1477702497
16603013,4.0,1584541398
16603013,4.0,1584285587
16603013,1.0,1580594898
16603013,5.0,1532059662
16603013,3.0,1529466606
16603350,2.0,1601358154
16603350,4.0,1584541768
16603350,4.0,1584285978
16603350,4.0,1519372131
16603350,3.0,1504924067
16602780,5.0,1594458019
16602780,4.0,1584541334
16602780,4.0,1584285541
16602780,4.0,1583278103
16602780,4.0,1553498558
16602671,5.0,1594867884
16602671,4.0,1584541962
16602671,4.0,1584286150
16602671,5.0,1564400544
16602671,1.0,1559176958
16602860,4.0,1584541564
16602860,4.0,1584285760
16602860,4.0,1515419333
16602860,2.5,1506239356
16602860,3.0,1505280021
16602418,1.0,1561264236
16602418,4.0,1535248829
16602418,1.0,1518311188
16602418,4.0,1503704687
16602418,3.5,1502515753
16603159,5.0,1594390621
16603159,4.0,1584541786
16603159,4.0,1584285985
16603159,4.0,1538224753
16603159,3.0,1528186188
16603184,5.0,1584847697
16603184,4.0,1584541537
16603184,4.0,1584285719
16603184,1.0,1556246200
16603184,5.0,1537752977
16603295,4.0,1584541717
16603295,4.0,1584285914
16603295,5.0,1558771043
16603295,4.0,1548841365
16603295,4.0,1538197581
16602666,4.0,1584541616
16602666,4.0,1584285825
16602666,5.0,1578653583
16602666,5.0,1559883612
16602666,4.0,1557212878
16602371,4.0,1584541388
16602371,4.0,1584285579
16602371,3.0,1577614093
16602371,2.0,1569580276
16602371,3.0,1558531369
16602638,4.0,1584541361
16602638,4.0,1584285525
16602638,4.0,1553498693
16602638,4.0,1528253717
16602638,4.0,1524127909
16602340,4.0,1539689367
16602340,4.0,1538533715
16602340,4.0,1523918448
16602340,4.5,1495620347
16602340,3.5,1478411023
16603180,4.0,1584541351
16603180,4.0,1584285518
16603180,2.0,1550442363
16603180,3.0,1539655419
16603180,2.0,1539071105
16603066,4.0,1595718662
16603066,4.0,1584541544
16603066,4.0,1584285754
16603066,4.0,1564440591
16603066,1.0,1527599771
16603079,4.0,1584541911
16603079,4.0,1584286118
16603079,5.0,1556850132
16603079,4.5,1510302852
16603079,4.0,1486238610
16602527,4.0,1584541607
16602527,4.0,1584285803
16602527,3.0,1566543595
16602527,5.0,1556710597
16602527,3.0,1556334152
16602534,4.0,1584541462
16602534,4.0,1584285642
16602534,3.0,1530011814
16602534,4.5,1468836088
16602534,3.5,1460890100
16602646,4.0,1584541751
16602646,4.0,1584285940
16602646,5.0,1557871651
16602646,4.0,1551523413
16602646,4.0,1548666881
16602663,4.0,1584541488
16602663,4.0,1584285674
16602663,4.0,1531043730
16602663,4.0,1515106788
16602663,3.0,1497099840
16602713,4.0,1600006009
16602713,4.0,1584541452
16602713,4.0,1584285635
16602713,5.0,1564562325
16602713,4.0,1539503408
16603193,1.0,1591494999
16603193,4.0,1584541761
16603193,4.0,1584285964
16603193,3.0,1571996493
16603193,3.0,1569721566
16602824,4.0,1584541572
16602824,4.0,1584285779
16602824,3.0,1546208566
16602824,4.0,1537778666
16602824,5.0,1516969774
18279235,5.0,1584689509
18279235,4.0,1584541835
18279235,4.0,1584286038
18279235,5.0,1574134886
18279235,4.0,1565389596
16602620,4.0,1584541666
16602620,4.0,1584285874
16602620,4.0,1542515054
16602620,1.0,1540628935
16602620,3.0,1538535198
16602632,4.0,1584541527
16602632,4.0,1584285709
16602632,4.0,1546769833
16602632,4.0,1538270030
16602632,3.0,1510271976
16603185,4.0,1584541977
16603185,5.0,1582250425
16603185,4.0,1537614362
16603185,4.0,1524925732
16603185,4.5,1512251398
16602354,4.0,1584541709
16602354,4.0,1584285906
16602354,4.0,1550313016
16602354,2.0,1530872309
16602354,5.0,1524834781
16602574,4.0,1584541631
16602574,4.0,1584285867
16602574,5.0,1581998841
16602574,5.0,1578688772
16602574,5.0,1542505474
16602705,4.0,1584541673
16602705,4.0,1584285881
16602705,1.0,1560504815
16602705,4.0,1555452209
16602705,4.0,1553485290
16610407,5.0,1538865624
16610407,4.0,1527065980
16610407,4.5,1519509504
16610407,5.0,1516786699
16610407,1.5,1515931431
16611821,3.0,1575770850
16611821,3.0,1575163444
16611821,4.0,1549675035
16611821,4.0,1524094020
16611821,4.0,1501065575
16610196,5.0,1597443661
16610196,5.0,1570399045
16610196,3.0,1494765788
16610196,4.0,1437377356
16610196,4.5,1405904309
16610152,5.0,1515103030
16610152,1.0,1504062242
16610152,4.5,1502617198
16610152,4.5,1499737903
16610152,2.0,1490534333
16610175,4.0,1489265329
16610175,5.0,1483605180
16610175,5.0,1483605064
16610175,5.0,1469516473
16610175,3.5,1469275212
16611247,3.0,1524093645
16611247,4.0,1502367934
16611247,5.0,1481599299
16611247,2.0,1460448366
16611247,2.0,1457577795
16611289,4.5,1510742877
16611289,4.5,1502367279
16611289,5.0,1493540931
16611289,1.0,1487247317
16611289,4.0,1483769979
16610680,4.0,1527629942
16610680,4.5,1504574498
16610680,2.5,1503273761
16610680,3.0,1458685506
16610680,3.0,1453968019
16611393,2.0,1578045618
16611393,5.0,1571015482
16611393,5.0,1545332442
16611393,1.0,1446008570
16611393,3.0,1433945611
16610358,3.0,1579248321
16610358,4.0,1556352857
16610358,4.0,1553491494
16610358,3.0,1553312192
16610358,1.0,1549170510
16610816,3.0,1512564587
16610816,4.0,1502747083
16610816,4.0,1491727892
16610816,4.0,1491727455
16610816,5.0,1490922650
16609777,4.0,1541313466
16609777,4.0,1519447657
16609777,3.5,1483598045
16609777,4.0,1476566680
16609777,1.0,1453005392
17989599,4.0,1535537138
17989599,5.0,1532141585
17989599,3.0,1516264168
17989599,4.5,1508962724
17989599,4.0,1488836180
16610662,3.0,1551664758
16610662,1.0,1478243882
16610662,1.5,1469359040
16610662,3.0,1451292659
16610662,2.5,1451275612
16611024,5.0,1578572886
16611024,4.0,1541362237
16611024,5.0,1538369474
16611024,5.0,1495955817
16611024,2.5,1492757353
16612316,4.0,1597287224
16612316,2.0,1568800509
16612316,4.0,1531117223
16612316,3.0,1530358984
16612316,2.0,1510092448
16611856,3.5,1481658492
16611856,1.0,1443520555
16611856,4.0,1441435352
16611856,4.0,1442016006
16611856,4.5,1433099093
16612269,5.0,1475274991
16612269,5.0,1469578441
16612269,4.5,1469275392
16612269,0.0,1431235074
16612269,0.0,1429843103
16610670,4.5,1481021666
16610670,4.0,1432714036
16610670,0.0,1397966706
16610670,0.0,1393468465
16610670,4.5,1375716508
17989546,4.0,1602153534
17989546,4.0,1526425880
17989546,3.0,1518091272
17989546,3.0,1508963017
17989546,3.0,1505825981
16612570,2.0,1547784353
16612570,5.0,1527761723
16612570,3.0,1521284239
16612570,3.5,1492339213
16612570,4.5,1472789167
16609841,1.0,1546557214
16609841,3.0,1537951454
16609841,4.0,1504055848
16609841,2.0,1480222189
16609841,1.5,1475107541
16612634,1.0,1549416794
16612634,5.0,1533092391
16612634,3.0,1531727746
16612634,5.0,1516944423
16612634,5.0,1498009438
16611333,5.0,1515997030
16611333,3.5,1468312512
16611333,4.0,1454584126
16611333,4.0,1454460540
16611333,4.5,1428424679
16611899,5.0,1542610760
16611899,2.0,1540076991
16611899,4.0,1530402522
16611899,3.0,1502614994
16611899,4.0,1453188206
16610150,3.0,1448879932
16610150,3.0,1443407252
16610150,0.0,1423947496
16610150,0.0,1409545955
16610150,4.5,1391207562
16612112,5.0,1516702942
16612112,5.0,1476065421
16612112,5.0,1468038221
16612112,1.0,1461367713
16612112,3.0,1454583365
16610443,5.0,1538290944
16610443,5.0,1528526911
16610443,4.0,1503802934
16610443,3.5,1499482745
16610443,4.0,1483445238
16610937,4.0,1553492006
16610937,4.5,1494129904
16610937,4.0,1463251135
16610937,1.0,1451100016
16610937,0.0,1420092792
16610633,2.0,1601704497
16610633,4.0,1466210879
16610633,4.5,1464512200
16610633,4.5,1401914358
16610633,4.5,1370752098
16610332,2.5,1475539479
16610332,3.0,1471771795
16610332,4.5,1422370907
16610332,4.5,1375901597
16610332,4.5,1329500392
16610616,3.0,1514362440
16610616,1.5,1484031937
16610616,3.0,1481021527
16610616,1.0,1474876421
16610616,3.0,1456303797
16610155,1.0,1509868402
16610155,0.0,1425616636
16610155,0.0,1415463289
16610155,0.0,1403677662
16610155,0.0,1353035632
16609845,5.0,1495150886
16609845,4.5,1457735038
16609845,0.0,1426375726
16609845,2.0,1382817458
16609845,4.5,1345510531
16611849,4.0,1444619583
16611849,4.5,1421382657
16611849,2.0,1403971719
16611849,2.0,1401770547
16611849,4.5,1401521836
16612117,3.5,1455186954
16612117,3.5,1443960296
16612117,4.5,1432435581
16612117,0.0,1426721993
16612117,0.0,1416357536
16609599,5.0,1542895227
16609599,2.5,1500888502
16609599,1.0,1477148038
16609599,2.5,1444617803
16609599,0.0,1394791952
17842249,5.0,1534392038
17842249,4.0,1456057625
17842249,2.5,1452138119
17842249,4.5,1433898353
17842249,0.0,1430711420
16611936,4.5,1502368095
16611936,3.5,1467371026
16611936,4.5,1430204187
16612121,4.5,1404488775
16612121,4.5,1402465889
16612121,4.5,1402412673
16612121,4.5,1402410615
16612121,0.0,1401427362
16611305,1.0,1554721776
16611305,3.0,1451187722
16611305,0.0,1419719891
16611305,4.5,1368510550
16611305,4.5,1365180243
16611735,5.0,1560935410
16611735,1.0,1481579971
16611735,3.5,1456008565
16611735,0.0,1426533346
16611735,4.5,1424142536
16611785,4.5,1440459864
16611785,4.5,1407557141
16611785,0.0,1397939938
16611785,0.0,1396983053
16611785,4.5,1387516210
16610780,1.0,1593254765
16610780,1.0,1556260804
16610780,1.0,1439736350
16610780,4.0,1434176862
16610780,4.5,1422688300
16609868,3.0,1556492778
16609868,2.0,1467374316
16609868,1.5,1451466525
16609868,4.5,1416837929
16609868,2.0,1314045654
16612026,3.5,1451292036
16612026,0.0,1432171596
16612026,0.0,1428514257
16612026,2.0,1425799797
16612026,2.0,1424750160
17874753,4.0,1566884395
17874753,4.5,1518771382
17874753,5.0,1518383715
16610995,5.0,1570701835
16610995,5.0,1561704558
16610995,1.0,1514175807
16610995,4.5,1444385623
16610995,0.0,1417595865
16611149,2.5,1495021109
16611149,2.0,1453238529
16611149,2.0,1420410521
16611149,0.0,1397533371
16611149,4.5,1365633080
17874729,1.0,1489235018
17874729,1.0,1489233124
17874729,4.5,1484788094
17874729,2.5,1451208122
17874729,5.0,1448495121
16612176,1.0,1565431704
16612176,1.0,1531227328
16612176,5.0,1515995976
16612176,4.0,1475965525
16611840,5.0,1472453310
16611726,4.0,1490000189
16611726,5.0,1479896926
16611726,0.0,1421029098
16611726,0.0,1408854176
16611726,0.0,1388864305
16610552,1.0,1458973582
16610552,4.5,1389318824
16610552,4.5,1389318071
16610552,4.5,1389317866
16610552,4.5,1374544314
16612233,3.5,1503305475
16612233,1.0,1472979672
16612233,1.0,1463878045
16612233,1.0,1461632624
16612233,1.0,1457826470
16610963,0.0,1356840202
19018006,4.0,1575768645
19018006,5.0,1566094579
16611216,2.0,1392428836
17874772,4.0,1593926294
17874772,5.0,1579741835
17874772,1.0,1576368441
16611488,4.5,1375553750
16611488,4.5,1373475552
16612227,2.0,1463278709
16612227,1.0,1451765831
16612227,0.0,1420307056
16612227,0.0,1409805721
16612227,0.0,1409254868
17874763,4.0,1565003686
17874763,5.0,1538369028
17874726,5.0,1580798283
17874726,4.0,1565589824
16612667,2.0,1491257320
16610238,2.0,1423182734
16610405,1.5,1468679738
16611841,4.5,1432464157
16611990,4.5,1418271194
16611356,5.0,1468978583
16611356,5.0,1435146524
16611356,2.0,1367806957
16611812,4.0,1536808831
16611812,5.0,1526396904
17874738,4.0,1523407010
16611851,2.0,1421818176
17874770,4.0,1583658482
17874770,4.0,1579575284
17874767,4.0,1567655306
16611299,2.0,1381776233
16611299,4.5,1370315821
17874736,3.0,1545173848
17874764,5.0,1544261618
17874764,4.0,1542324514
16611859,0.0,1420083160
16611859,4.5,1388679084
16611853,2.0,1396229594
16611853,4.5,1388721042
17874765,4.0,1565004078
17874765,4.0,1556094417
16611367,0.0,1370061345
17874769,5.0,1568361204
16609793,4.0,1584178161
16609793,4.0,1575676238
16609793,3.0,1541396257
16609793,4.0,1527556473
16609793,4.0,1525005098
16611334,4.0,1593994108
16611334,4.0,1584178192
16611334,5.0,1578565177
16611334,4.0,1570179255
16611334,3.0,1548553074
16609717,4.0,1576044676
16609717,4.0,1572308721
16609717,4.0,1567388026
16609717,3.0,1559402267
16609717,3.0,1534595544
16609740,4.0,1584178148
16609740,2.0,1577320620
16609740,5.0,1575157413
16609740,2.0,1573209210
16609740,5.0,1564027767
16609752,4.0,1584178091
16609752,3.0,1552269838
16609752,3.0,1551352212
16609752,4.0,1520945702
16609752,2.0,1505998821
16609737,4.0,1584178182
16609737,4.0,1577263647
16609737,3.0,1560686153
16609737,3.0,1551351957
16609737,4.0,1549166332
16612287,1.0,1591610387
16612287,4.0,1584178220
16612287,4.0,1578020223
16612287,4.0,1567827036
16612287,1.0,1565085638
16609597,4.0,1584178245
16609597,4.0,1575177928
16609597,5.0,1563331625
16609597,5.0,1555845799
16609597,1.0,1539818944
16612528,4.0,1584178256
16612528,5.0,1574314530
16612528,4.0,1543362520
16612528,5.0,1543313819
16612528,3.0,1538624375
16610681,4.0,1584178345
16610681,4.0,1543363193
16610681,4.5,1517468517
16610681,4.5,1474342389
16610681,2.0,1464685036
16609907,4.0,1591423809
16609907,4.0,1584178204
16609907,5.0,1575686087
16609907,4.0,1575082559
16609907,1.0,1551497719
16610420,4.0,1584178407
16610420,5.0,1521366988
16610420,5.0,1514933817
16610420,5.0,1499150940
16610420,5.0,1488934973
16609738,5.0,1550563682
16609738,4.0,1545909010
16609738,2.0,1543363094
16609738,1.5,1516759323
16609738,1.0,1486175662
16609714,4.0,1584178283
16609714,4.0,1549076416
16609714,3.0,1532304904
16609714,4.0,1526208375
16609714,5.0,1475583240
16611081,4.0,1584178365
16611081,5.0,1573208895
16611081,4.0,1552128005
16611081,4.0,1545230044
16611081,3.0,1543310926
16610808,4.0,1584178294
16610808,3.0,1560686022
16610808,2.0,1523416276
16610808,1.0,1507104360
16610808,4.5,1500371885
16610136,5.0,1544167982
16610136,4.5,1490048291
16610136,1.0,1485405857
16610136,4.0,1465675725
16610136,4.0,1459591205
16611412,4.0,1584178446
16611412,5.0,1560506952
16611412,3.0,1543362592
16611412,4.0,1538466856
16611412,4.5,1514933439
16610417,4.0,1584178265
16610417,5.0,1569331056
16610417,5.0,1516758416
16610417,5.0,1494416000
16610417,4.5,1485193219
16609958,4.0,1584178374
16609958,3.0,1569241227
16609958,3.0,1561105405
16609958,5.0,1482742516
16609958,4.0,1469438647
16610740,5.0,1586025182
16610740,4.0,1584178415
16610740,4.0,1569505386
16610740,5.0,1528632756
16610740,4.0,1507202011
17842259,4.0,1584178477
17842259,4.0,1569753216
17842259,5.0,1562658499
17842259,5.0,1552980487
17842259,4.0,1551352070
17842264,4.0,1584178424
17842264,5.0,1551352734
17842264,4.5,1505725789
17842264,5.0,1502959796
17842264,5.0,1499937308
16610014,4.0,1584178397
16610014,3.0,1562332283
16610014,4.0,1560128990
16610014,4.0,1503875610
16610014,4.5,1498658209
16612688,4.0,1584178467
16612688,2.0,1543362672
16612688,5.0,1493606056
16612688,4.0,1480974171
16612688,3.0,1460420038
16610235,4.0,1584178456
16610235,3.0,1538984112
16610235,4.0,1522974218
16610235,4.0,1517122989
16610235,2.0,1478744440
17842186,1.0,1601767190
17842186,4.0,1584178631
17842186,5.0,1569331210
17842186,4.0,1474113905
17842186,4.0,1457596854
17842301,4.0,1584178549
17842301,4.0,1528247483
17842301,4.0,1525745320
17842301,5.0,1500166211
17842301,3.5,1483324901
16611164,4.0,1584178495
16611164,2.5,1477408972
16611164,1.0,1475478580
16611164,1.5,1453516861
16611164,1.0,1434709617
16609596,4.0,1584178503
16609596,2.0,1510126380
16609596,3.5,1451815739
16609596,4.5,1434270765
16609596,0.0,1386951690
18283869,4.0,1584178532
18283869,3.0,1571087081
18283869,5.0,1553308322
18283869,5.0,1550389232
18283869,5.0,1544167700
16612675,4.0,1584178640
16612675,3.0,1540274788
16612675,1.0,1498967562
16612675,5.0,1452693566
16612675,5.0,1451519347
16611345,5.0,1594387456
16611345,5.0,1593917059
16611345,4.0,1584178660
16611345,4.0,1552201863
16611345,4.5,1518791379
16610414,3.0,1594002937
16610414,4.0,1593858764
16610414,4.0,1584178623
16610414,5.0,1545541555
16610414,3.0,1462696559
17978799,4.0,1584178808
17978799,4.5,1440110923
16609739,5.0,1598496613
16609739,4.0,1584178568
16609739,4.0,1575018578
16609739,3.0,1538985657
16609739,5.0,1461138031
16612297,4.0,1584178791
16612297,4.0,1532427208
16612297,5.0,1505692365
16612297,4.0,1470461413
16612297,5.0,1436263428
16609704,4.0,1584178594
16609704,5.0,1471928647
16609704,4.5,1420078193
16609704,4.5,1394328964
16609704,4.5,1388632086
16609892,4.0,1584178722
16609892,4.0,1419177353
16609892,0.0,1402088731
16609892,0.0,1383509048
16609892,2.0,1368727714
17842189,4.0,1584178746
17842189,4.0,1571087120
17842189,4.0,1525178484
17842189,4.0,1517585767
17842189,5.0,1499097213
16610413,4.0,1601879511
16610413,4.0,1584178577
16610413,1.0,1468028995
16610413,3.0,1452498170
16610413,2.0,1432745771
16611242,4.0,1584178524
16611242,3.0,1521256238
16611242,3.0,1502887969
16611242,3.5,1467166052
16611242,3.0,1456259288
16611978,4.0,1593840263
16611978,4.0,1584178887
16611978,3.5,1450224463
16611978,3.5,1439974295
16611978,0.0,1429163266
16610955,4.0,1584178706
16610955,5.0,1543362779
16610955,3.5,1509096539
16610955,3.5,1448021552
16610955,2.0,1417578719
16611627,4.0,1584178540
16611627,0.0,1429244004
16611627,0.0,1426735545
16611627,0.0,1407384672
16611627,4.5,1402032228
16609732,4.0,1584178615
16609732,5.0,1551352921
16609732,2.5,1497836837
16609732,4.5,1388520105
16609732,4.5,1388520001
18284939,4.0,1584178676
18284939,3.0,1551352526
18284939,5.0,1521523157
18284939,4.0,1517587333
18284939,3.5,1502854837
